channel,begin_time,end_time,filename,call_length,label
2,57.173532648,57.766645731,210920-103949,0.5931130829999987,1
2,59.298228881,60.146605822,210920-103949,0.8483769409999979,1
2,61.263682259,62.404861861,210920-103949,1.1411796020000011,1
2,72.605255632,73.402917172,210920-103949,0.7976615400000071,1
2,76.096221371,77.017763692,210920-103949,0.921542321000004,1
2,80.418573487,81.364551315,210920-103949,0.9459778279999966,1
2,93.387240747,94.385956563,210920-103949,0.9987158159999865,1
