{"accuracy": 0.8419071518193224, "f1score": 0.0, "precision": 0.0, "recall": 0.0, "auc": 0.7612897121093842}