{"accuracy": 0.782967032967033, "f1score": 0.7584097859327217, "precision": 0.6294416243654822, "recall": 0.9538461538461539, "auc": 0.9225838264299803}