{"accuracy": 0.8594730238393977, "f1score": 0.6216216216216216, "precision": 0.5411764705882353, "recall": 0.7301587301587301, "auc": 0.8780427223050173}