{"accuracy": 0.717032967032967, "f1score": 0.3680981595092025, "precision": 0.9090909090909091, "recall": 0.23076923076923078, "auc": 0.6821170282708745}