{"accuracy": 0.627034677990092, "f1score": 0.18294573643410852, "precision": 0.12240663900414937, "recall": 0.3619631901840491, "auc": 0.569757055214724}