{"accuracy": 0.6, "f1score": 0.39999999999999997, "precision": 0.4246575342465753, "recall": 0.3780487804878049, "auc": 0.5745077384328661}