{"accuracy": 0.8789808917197452, "f1score": 0.011560693641618497, "precision": 0.1, "recall": 0.006134969325153374, "auc": 0.5767263803680982}