{"accuracy": 0.8873626373626373, "f1score": 0.8193832599118942, "precision": 0.9587628865979382, "recall": 0.7153846153846154, "auc": 0.9106837606837607}