{"accuracy": 0.8832271762208068, "f1score": 0.2918454935622318, "precision": 0.4857142857142857, "recall": 0.2085889570552147, "auc": 0.8779877300613498}