{"accuracy": 0.7716436637390214, "f1score": 0.40909090909090906, "precision": 0.34615384615384615, "recall": 0.5, "auc": 0.7320985025903058}