{"accuracy": 0.8846426043878273, "f1score": 0.0, "precision": 0.0, "recall": 0.0, "auc": 0.5003631901840491}