{"accuracy": 0.8104395604395604, "f1score": 0.7561837455830388, "precision": 0.6993464052287581, "recall": 0.823076923076923, "auc": 0.9116042077580538}