{"accuracy": 0.578494623655914, "f1score": 0.2631578947368421, "precision": 0.3431372549019608, "recall": 0.21341463414634146, "auc": 0.5023904059638603}