{"accuracy": 0.6875784190715182, "f1score": 0.4928716904276987, "precision": 0.3315068493150685, "recall": 0.9603174603174603, "auc": 0.913266150971069}