{"accuracy": 0.8987968860580325, "f1score": 0.6486486486486487, "precision": 0.5409836065573771, "recall": 0.8098159509202454, "auc": 0.9259975460122699}