{"accuracy": 0.6494623655913978, "f1score": 0.012121212121212121, "precision": 1.0, "recall": 0.006097560975609756, "auc": 0.5985738594927478}