{"accuracy": 0.8387096774193549, "f1score": 0.7800586510263929, "precision": 0.751412429378531, "recall": 0.8109756097560976, "auc": 0.8834575804229804}