{"accuracy": 0.8406524466750314, "f1score": 0.0, "precision": 0.0, "recall": 0.0, "auc": 0.7347124642206608}