{"accuracy": 0.6428571428571429, "f1score": 0.0, "precision": 0.0, "recall": 0.0, "auc": 0.7994411571334648}