{"accuracy": 0.8268506900878294, "f1score": 0.6079545454545454, "precision": 0.47345132743362833, "recall": 0.8492063492063492, "auc": 0.9236628580890875}