{"accuracy": 0.7307692307692307, "f1score": 0.5811965811965812, "precision": 0.6538461538461539, "recall": 0.5230769230769231, "auc": 0.7701183431952663}