{"accuracy": 0.8408602150537634, "f1score": 0.76875, "precision": 0.7884615384615384, "recall": 0.75, "auc": 0.8454845636496231}