{"accuracy": 0.7935483870967742, "f1score": 0.7433155080213903, "precision": 0.6619047619047619, "recall": 0.8475609756097561, "auc": 0.8588242443886233}