{"accuracy": 0.7678697806086341, "f1score": 0.45514950166112966, "precision": 0.3120728929384966, "recall": 0.8404907975460123, "auc": 0.8814085889570552}