{"accuracy": 0.9101203113941967, "f1score": 0.6576819407008087, "precision": 0.5865384615384616, "recall": 0.7484662576687117, "auc": 0.8884515337423313}