{"accuracy": 0.6473118279569893, "f1score": 0.0, "precision": 0.0, "recall": 0.0, "auc": 0.5555668098209221}