{"accuracy": 0.8042659974905897, "f1score": 0.2641509433962264, "precision": 0.32558139534883723, "recall": 0.2222222222222222, "auc": 0.8195775081020983}